subreddit,author,id,title,selftext,created_utc
Coffee,ColoTransplant,kx9q76,New Jura S8 and hubby has become a coffee bean snob,"We gave each other the S8 for Christmas and are really enjoying it.  However, my hubby has become a real bean snob.  He has thrown away several bags already.  I am trying to find some new options for him.  I do know the general area I am looking in:

&gt; he likes the fruity notes of African coffee especially Ethiopian 

&gt; he likes a light roast

&gt; I know I need to order it so that it is a week old when he puts it in the machine

I need to find something soon so I can order for our anniversary next week.  I am in SoCal but the world is my option if they ship.

Any suggestions you have would be greatly appreciated.",1610643833
Coffee,nickbrinser,kx9pwe,Station Update! (re-posting minus photo edits),,1610643811
Coffee,[deleted],kx9orc,Station Update! (reposting minus photo edits),[deleted],1610643726
Coffee,CoffeeHax17,kx9dlj,Flash brewing is the way,"I hate hot coffee and I always have to wait till the coffee cools down a little bit. Then again if I wait too long, coffee starts tasting horrible. So what I discovered today is flash brewing. It's basically pour over on ice. Coffee cools down immediately and the taste is not spoiled at all. I tried it today and I'm amazed. Coffee was as flavourful as normal pour over coffee is and it's exactly the temperature I want it to be. If it was summer, I would add ice cubes and make it iced. 

So that's about it, I wanted to share my experience with flash brewing. Now it's my goto way for coffee.",1610642831
Coffee,GodlessGayGuy,kx8pgo,Bialetti Brikka vs. Ariete Vintage Filter/Drip Coffee Machine,"So I currently have a Bialetti Brikka (4 cup) and I'm not really interested in investing in an espresso machine.

I am however interested in possibly trying the Ariete Vintage Coffee Machine.

So for those who know both types (moka pot vs. Drip Coffee) which is better? Assuming I buy fresh beans and grind them appropriately for both methods?

Is Drip Coffee really bad no matter what? Or are some machines pretty similar to what a Moka Pot accomplishes?",1610640861
Coffee,thomasthtc,kx8ovx,"Single origin for filter, blend for espresso is the norm?","(Hi it's my first post here so please forgive me if this is discussed before)

I have started drinking coffee, mainly milk coffee a few years ago. I started joining the field of filter coffee (mainly hand drip) last year. I noticed one thing I can't really find an answer on.

""Why is there very few blend coffees beans for filter brewing?""

There are both blend and single origin coffee for espresso brewing, though a majority of coffee shops serve blend for espresso-based drinks. What I understand is that most shops look for a balanced flavour in espresso, so they would blend 2-4 different beans (both origin and variety) into an espresso blend. But quite some coffee shops serve SOE as well. In-fact, the best espresso-based coffee I tasted is made with Hatch's El Paraiso 720hour fermentation Geisha. 

But this is not the case in filter brewing. The trend seems to be: Filter coffee is a better way to showcase what the best coffee beans can taste, so there is little point blending different beans. On the other hand, will blend coffee beans actually give a boost to some inferior beans to give a more complex flavour in filter brewing as well? I know a few foreign coffee shops sell blend coffee beans for filter brewing, but little or none is doing that in Hong Kong? Is there anything I overlooked? 

Thanks in advance :)",1610640813
Coffee,elbowCoffee,kx8h49,Exclusive Colors for Coffee Equipment,"I am getting ready to pull the trigger on upgrading my kettle to the seemingly ubiquitous Fellow Stagg Electric. Upon searching, I noticed both Blue Bottle and Crate and Barrel offer exclusive colors of this device. Given how much I like the idea of beautifying my coffee counter, I am wondering who else offers exclusive colors of not only this kettle but other popular coffee equipment. To Good Coffee..",1610640169
Coffee,BigBlueHawk,kx8gpl,Trying to find a new brewing method but can't make decisions,"I've been researching coffee brewing methods for well over a month now because I can't make decisions. I recently moved out, and where previously I would just grab a cup or two from the family coffee pot of Maxwell House, but I'm now the only regular coffee drinker in my new place. Maybe 2 mugs a day, max, so I don't need a whole 12-cup drip machine. My roommate has a Keurig with the ""use your own"" coffee thingy, but I find Keurig coffee plastic-y to my taste.

So... I don't know what the hell to do. I *was* gonna use my Espro travel press, but after two days I remembered why I stopped using it because it's a massive pain to clean. It felt like I was spending more time cleaning then drinking coffee it. And as much as I'm all about a very good cup of coffee, a V60 sounds like something I'd have to concentrate on. I can barely walk in the morning, let alone carefully pour out things to specific grams or whatever. Probably shouldn't even trust myself with pouring boiling water, honestly. Plus I'd probably need to replace my kettle and get scales. But then ""push button, get coffee"" simplicity gets me back to Keurig, which I'm not satisfied with.

I'm now realizing I'm basically asking for the impossible best-of-all-worlds: a quick, low effort, low maintenance way to make 1-2 mugs of quality coffee. Does anyone have any suggestions? Aeropress seems to be the closest to what I'm looking for, but for some reason I'm hesitant on it. Or maybe chemex. Or a Hario Switch? Clever Dripper? Just a V60 and being lazy with no gooseneck or scale? Some sort of quality low-capacity auto drip machine I've never heard of? Decision making is hard, and I'm clearly overthinking this. I'm losing sleep over this.",1610640135
Coffee,menschmaschine5,kx8ffq,[MOD] Show off your gear! - Battle-station Central,"Hello everyone!

Let's see your battle-stations or new purchases! Tell us what it is you have, post pictures if you want, let us know what you think and how you use it all to make your daily Cup of Joe.

Feel free to post links to where people can get the gear but please no sketchy deal sites and none of those Amazon (or other site) links where you get a percentage if people buy it, they will be removed. Also, if you want battle-stations every day of the week, check out /r/coffeestations!

Please keep coffee station pictures limited to this thread. Any such pictures posted as their own thread will be removed.

Thanks!",1610640033
Coffee,heklin0,kx8dq2,Story Time: Starbucks vs Single Origin Craft,"I hope stories are allowed here. Haven't seen many, but don't see it in the rules not to. TLDR at bottom. 


A bit of backstory first. We had just moved homes into a bug infested apartment. While we dealt with that, I took my espresso machine to work to protect it. (We left the apt, sued, won a lot of money, for those that are curious).


I am known as the coffee guy at work. There are a handful of folks that I will make drinks for when I'm not busy. 2 of them are good work friends. There's Jack who loves trying new things and while he doesn't want to spend his life on coffee, he's always asking questions and wanting to try new coffees I get. Then there's Chas. She just recently got a Moka Pot and I'm so proud of her...unfortunately this story was two years ago and she was far from today. Here we go. 


I invited Jack and Chas to my office to try some espresso. They had just made a Starbucks run, but they wanted some anyways. I was happy to oblige since they'd be able to compare Starbuck to real coffee. At this point, Jack has finished his drink but Chas brought hers with her. 


I begin getting the shots prepped and ready to be pulled while explaining what I'm doing and how espressos are made. Jack asks questions, Chas watches and listens. 


Drinks are made. They're just straight espresso since I didn't have any milk at work. I try mine. It's good. Jack tries his. He really likes it and starts trying to figure out notes. Chas.....pours it into her Starbucks drink. 


I'll wait a few seconds to let you mull that over. 


She poured my beautiful craft espresso.... into her iced coffee from Starbucks. 


I just stare. Jack, thank goodness for Jack, says ""Chas, what the hell did you just do?"" 


Chas, not starring at her cup in shock: I- I don't know why I just did that. Why did I-....


She looks up at me, me still in silence: I'm so sorry! I don't know what just happened. I- Do you want me to leave? 


Me: No, it's fine. Your drink was almost empty anyways. Maybe you'll be able to taste it. 


Jack starts asking me questions while I start cleaning up. It's kind of awkward for a bit. They leave. 


I still invite them for coffee, but Chas never shows up. Early last year. Jack was OOO, and I invited Chas to try a new coffee I got. She refused, but I insisted. When I was making it (pour over this time), I asked why she never came. Still, to that day, she felt bad. I didn't realize it, but I told her not to worry about it. She now jokes about it when we get coffee, and Jack gives her a hard time about it, too. Good news is, she really likes the coffee I make. Bad news, she still gets Starbucks. Haha! 


TL/DR: I make a SO espresso for a friend...she pours it into her Starbucks drink.",1610639910
Coffee,BilledConch8,kx88rr,Newbie tasting help,"Hello! I recently dove into the coffee game with a Baratza virtuoso burr grinder and am using a local roaster but my coffee is tasting very ""off"". I'm not sure how to approach this and looking for some advice.

My usual method is to use a Melita plastic pour over with paper filters, ~1 tbsp of coffee beans for ~8oz of water, using an electric gooseneck kettle with temp control (at ~205 degree F). I use the grinder on setting 20.

The funny thing is that the local roaster seems to have a bitterness to the coffee, almost like milk chocolate, which I am not a fan of. This isn't ideal and I'm seeing a lot of beans are roasted with ""chocolate"", and the generic grocery store coffee beans taste better to me than the local roaster.

I hear local roasters are the way to go but I'm not convinced. Does anyone have a similar experience with ""chocolate"" roasted coffee notes, or am I a victim of a bad palette?

Thank you!",1610639490
Coffee,Lordmuchnis,kx7zr5,V60 Ultimate Hoffman method for 24g of coffee beans [questions],"So this idea came from the amount of coffee. I think that the final amount is too large. So I tried to change it. I did basic math in terms of how many coffee and water should I use. But Im not sure about time. So tell me if the time should be changed or still. And also, this is just experiment and Im sorry if this similar thing was posted before.

Ratio: 24g of coffee : 400g of water

Time: 0:00
Add 2 times the water for blooming phase
(it should be 48g, but 60 wont get on 3 times the water. Although more acidic parts will get into drink with 60g of water.) Mix it with swirl and let it bloom for 45s.

Time: 0:45
Add 60% of the final drink (keep in mind you already added 48g for bloom), which is 240g. 
So you should add 192g of water in next 30s. Flow rate is 6,4g/s.

Time: 1:15
Add water that aims for 100% of the drink. You should add 160g of water in next 30s. Flow rate 5,3g/s.

Time: 1:45
Stirr it with spoon 2x clockwise, 2x anti-clockwise. Let it draw-down a bit and give it one last gentle swirl to knock of grounds from a wall. And wait for draw-down.

And here comes my question again. How the draw-down should be long? Have I done everything right or has it been complete mistake? Please let me know.
Also if you make it to the end, you are the best. And Im sorry for the way I wrote it so ask me for some missinderstandings.",1610638726
Coffee,leeaner1,kx7hko,[Beans] My coffee data for 2020.,,1610637162
Coffee,nickbrinser,kx7bl3,Station upgrade!,,1610636656
Coffee,[deleted],kx7azi,Station upgrade!,[deleted],1610636606
Coffee,Pos1tivity,kx76bm,Is a hint of sour okay? Or should we try to avoid it as it means under extraction?,"Hey guys, i am currently running experiments to perfect the 9-Cup Moka Pot (Bialleti, Aluminum). 

My last brew was rich, but towards the end i got a very subtle hint of sourness. 


I know the best coffee is the one that you like to drink, but in trying to perfect my coffee, 

But...... 


I wonder, is sourness to be avoided completely or is a hint enjoyed/sought for? 


Thanks in advance!",1610636219
Coffee,Windy_Frosty,kx6x0r,My favoritt drinks from starbucks,,1610635393
Coffee,FellowBarber_,kx6rqj,Brewing an Omni in a V60,"Brewed my first two cups of a Natural China (Lan Hua) from Kiss The Hippo this morning. And I can‚Äôt seem to get around the ‚Äòroasty‚Äô flavour in a v60.

I‚Äôve followed their recommended brew guide. 21g to 300ml. Around a 2.30 brew time. Using peak water just off boil. 

The notes listed on this coffee are raspberry jam and apricot. Really want to bring those out

Any tips? Thanks",1610634914
Coffee,argonart,kx6pnc,Chicory Coffee,"So I've revently had a 'Community Coffee' blend of regular coffee and chicory. The coffee smells like wild flowers, but taste like regular dark roast coffee to me. I was wondering if anyone on here has found pure chicory coffee, and if so, what were your experiences? Do you have any pros or cons? TYIA",1610634727
Coffee,SD_at_heart,kx536x,Could use some suggestions for V60 or other methods,"As my palette has gotten better I've become bored of my v60. I have a french press and an aeropress as well. I make large batches so aeropress isn't used much. My v60 just tastes ""meh"" to me now. I'm using james hoffmans method. When I get the same coffee as a hand pour from the local shop it tastes amazing but mine doesn't really have any forward notes. It just tastes bland to me. I have a Kinu m47 hand grinder and have been dialing the grind as far down as possible without bitterness. The french press is alright but it's not my favorite (using james hoffmans method as well). I mainly use it during work hours as it doesn't require much attention so I can continue to work. I find myself wanting to explore more ways to brew. I had an espresso machine (gaggia classic) and I liked it a lot but the hobby of espresso was too expensive for me. I am eyeing a chemex but they're not the cheapest. I've also been eyeing the clever dripper.  


Any recommendations or advice?",1610628878
Coffee,sirmediocre,kx51xj,Bonavita Connoisseur,"All I have to say is wow.
I‚Äôve owned about 10 different drip machines, from Mr. Coffee to Breville Precision, this one is by far the best.
I love the simplistic design, the hanging basket, and the taste is as close to pour over coffee as I‚Äôve encountered from a drip machine.
Highly recommend!",1610628735
Coffee,fkdkshufidsgdsk,kx4fsn,Accidentally just made my v60 at 1:21 ü§¶‚Äç‚ôÇÔ∏è,"In my morning stupor I accidentally poured 20g coffee to 420g water instead of 320 and honestly, it‚Äôs not that bad! This is a really fruity and sweet anerobic and at this ratio it almost tastes like a washed coffee lol. In truth it‚Äôs definitely watery, but I‚Äôm still getting the flavor notes surprisingly. I normally brew between 1:16 and 1:17 depending on the coffee but I‚Äôm thinking I just push it every once and a while for the right bean",1610626108
Coffee,dele_20,kx3nqq,Moka Pot conundrum,"Hello folks
I recently purchased a 2 cup variant of the Bialetti Moka pot. After seasoning the pot as per instructions, my first 3-4 times resulted in a glorious brew. The coffee used to come out of the pot with a very slight hissing/spluttering followed by a glorious brown-honey colored thick brew with ""crema"" or whatever espresso esque characteristic it might provide. Safe to say it was hella satisfying 
However after 15 days of use, I'm still getting decent coffee from it but the coffee just trickles out into the upper container, no bubbles, no glorious fake crema. Just a steady brown trickle. I cleaned the gasket and metal filter quite regularly and I have doubts if they've become lose? Or maybe is it to do with my coffee (preground, i apologise but gotta make do) getting older and hence the lack of aesthetic while brewing. 
Sorry for the long message, would love to discuss it. As an engineer, nothing gives me more satisfaction than to consistently achieve perfect brews on finicky equipment",1610622536
Coffee,menschmaschine5,kx3j93,[MOD] The Daily Question Thread," 

Welcome to the daily [/r/Coffee](https://www.reddit.com/r/Coffee) question thread!

There are no stupid questions here, ask a question and get an answer! We all have to start somewhere and sometimes it is hard to figure out just what you are doing right or doing wrong. Luckily, the [/r/Coffee](https://www.reddit.com/r/Coffee) community loves to help out.

Do you have a question about how to use a specific piece of gear? Want to know how much coffee you should use or how you should grind it? Not sure about how much water you should use or how hot it should be? Wondering about your coffee's shelf life?

Don't forget to use the resources in our [wiki](http://www.reddit.com/r/Coffee/wiki)! We have some great starter guides on our [wiki ""Guides"" page](https://www.reddit.com/r/Coffee/wiki/guides) and [here is the wiki ""Gear By Price"" page](http://www.reddit.com/r/Coffee/wiki/gear#wiki_coffee_gear_suggestions) if you'd like to see coffee gear that [/r/Coffee](https://www.reddit.com/r/Coffee) members recommend.

As always, be nice!",1610622018
Coffee,tururut_tururut,kx32hs,Rant inside - increasingly frustrated with the Chemex,"I bought a 3-cup chemex a few months ago and I'm getting more and more frustrated with it every day that passes, to the point I've pretty much stopped using it. I've gotten some good cups out of it, and these are really good, like a white wine or a very good German Pilsner. However, most cups are flat, underextracted, hollow, or sometimes even both underextracted and overextracted (sour and weak but astringent).

I try to follow the same routine than in my V60 or Kalita wave (two big pours, more or less like Scott Rao's new technique but it either drains crazy fast or chokes and it's quite hard not to get dry pockets on the bloom phase. Is there something I'm doing wrong? Or is it just a pretty inefficient brewer?

Thanks so much!",1610619758
Coffee,Appropriate_Emu_6930,kx2q04,Timemore C2 help - I have somehow gone too many clicks and the whole bottom end has fallen out! Any idea which order it goes back in? In particular the spring and the washer.,,1610618114
Coffee,Ok-Rabbit-3335,kx2p65,Can we talk Cafec filters for a minute?,"So I recently switched over from the Hario tabbed to filters to the Cafec Original ( I believe) filters after reading a few reccomendations on this sub,  and I am curious about a few things. The filter itself appears very similar to the Hario untabbed, which are the best by far IMO, but the flow rate seems incredibly fast unlike the Harios. I am grinding super fine with my Encore yet still see very fast draw down times.  A lot of people here mention the super fast flow rate but I believe that is with the Abaca filters, and not the originals, but I could be mistaken. What's the difference between the Abaca and the original? Is one better than the other?

&amp;#x200B;

I see there are also different Cafecs for all different roast styles, but do they actually make a difference? I would like to stick with one style if possible just to simplify things, at least a little bit.",1610617992
Coffee,Somethingnew1112,kx1i7j,Turkish coffee in the afternoon. Or anytime of the day ‚ù§Ô∏è‚òïÔ∏è,,1610612031
Coffee,billyxhero,kx0plh,HUMBLE BOOK BUNDLE: START SOMETHING NEW BY CHRONICLE (pay what you want and help charity),,1610608249
Coffee,Trythelostandfound,kwzoc4,Can I use Chemex filters in a bodum pour over?,"I got a bodum pour over for xmas with a metal filter. I've heard that this is basically a french press and I want the chemex experience. The bodum looks identical to the chemex, so could I just use chemex filters and get the same result or is there something special about the chemex glass that I don't know about? Asking because the chemex is about 50$ on Amazon",1610603795
Coffee,Marlofood,kwz9h1,Please join bottomless with me!! Coffee,"Join bottomless, if u use my code we BOTH get a free bag of coffeee! @marlofood on instagram 

https://www.bottomless.com/referral/MLink9023",1610602130
Coffee,Marlofood,kwz86k,Coffee,"If you love coffee, plz plz check out bottomless, I would love for you try this amazing company! My instagram is @marlofood and u can also learn more about it there!!! Plus if you use my referral code we BOTH get a free bag of coffee!!!!

https://www.bottomless.com/referral/MLink9023",1610601988
Coffee,marshalraw,kwyfzy,Turkish Coffee Made in Sand. Anyone Know Where I Can Get a Sand Kit?,,1610598988
Coffee,lionsagechisel,kwy3ix,Are there any good coffee rating apps?,I'm thinking something like Vivino for wine or Untappd for beer. Does anything like that exist that people actually use?,1610597728
Coffee,BraveAlathea,kwy2tw,"New varieties, or old favorites?","Two part question:

1. How do you discover new coffees?
2. Or, do you prefer NOT to seek out new coffee, but instead have a steady favorite you buy consistently?",1610597660
Coffee,python_geek,kwxzk9,JavaPresse coffee?,"Hi,

I recently got the Medium roast from JavaPresse. It's the first whole bean coffee I've tried and it is simply excellent -- a marked improvement compared to ground Starbucks.

My only gripe is the price at $21. It's just slightly too expensive, I am looking for &lt;$15.

Any suggestions on something a bit cheaper?",1610597343
Coffee,BaristaPD,kwxfns,My latte art playlist‚ù§‚ù§,,1610595447
Coffee,adotcatch,kwxczq,Hario Cold Brew Filter,[removed],1610595199
Coffee,RevUpYourEngines81,kwx4qu,Was Starbucks Ever Good?,"I don‚Äôt mean this to be a condescending question and it‚Äôs more in regards to espresso drinks, so excluding their sugary drinks with artificial flavors. Per Wikipedia, in 1992 they 140 outlets and went public, and I remember they came to my state probably around 94 or so? But I was a kid and didn‚Äôt drink coffee then. So my questions...

Was it ever really good coffee or good espresso?

Or was it that the general American public didn‚Äôt really know any better around 92 or so. But now in 2021, the general American public has a much better understanding and appreciation for quality coffee?

Or is it that since they began to expand outside of Washington, they were going for a McDonald‚Äôs approach? Seeing a demand from the public and just wanted to fill that void as the first ‚Äúfast-food‚Äù coffee chain. Not aiming for quality, but convenience, ‚Äúlow price‚Äù, and consistency between locations.",1610594400
Coffee,Tibor_tester,kwwoj8,What's the difference between these two?,"How do these two make coffee that tastes different? What would I notice as the drinker?

&amp;#x200B;

[https://www.amazon.ca/DeLonghi-ECP3420-Espresso-Cappuccino-Advanced/dp/B07CTY9BFG/ref=sr\_1\_18?dchild=1&amp;keywords=delonghi%2Bespresso&amp;qid=1610592626&amp;s=kitchen&amp;sr=1-18&amp;th=1](https://www.amazon.ca/DeLonghi-ECP3420-Espresso-Cappuccino-Advanced/dp/B07CTY9BFG/ref=sr_1_18?dchild=1&amp;keywords=delonghi%2Bespresso&amp;qid=1610592626&amp;s=kitchen&amp;sr=1-18&amp;th=1)

&amp;#x200B;

[https://www.amazon.ca/dp/B07RQ3NL76/?coliid=ID1F9DFZMU4Q6&amp;colid=2DCEHWRL5THA2&amp;psc=1&amp;ref\_=lv\_ov\_lig\_dp\_it](https://www.amazon.ca/dp/B07RQ3NL76/?coliid=ID1F9DFZMU4Q6&amp;colid=2DCEHWRL5THA2&amp;psc=1&amp;ref_=lv_ov_lig_dp_it)",1610592867
Coffee,Saks5th93,kwwhgl,"Breville Bambino portafilter, comes up after every use or stuck in group head","Hey there, I've got a breville bambino and after ever use, the portafilter is pretty much stuck to the group head and comes out of the handle/filter holder.   


Is it supposed to do this? Its pretty annoying, i'd like to just crank the handle to the left and be able to remove it, tap out the grind that way etc. Any suggestions welcomed. Someone said its like this on Breville because you may switch between single and double portafilter but I'm not so sure. I hate it personally.",1610592206
Coffee,Robdiesel_dot_com,kwwcwc,I love my Philips LatteGo 3200 (the one with the milk container),"Repost: I think I messed up by including a link in the previous post. 


To begin with, I am NOT a coffee guy in any way.  I've tried stuff like the AeroPress my stepdad gave me - cool, but no need.  Regular Gevalia free 14 cup machine? Great, does what I need it to do.  French Press? Meh.  Pour-over?  I like it. 

What I ended up settling on after trying a few machines and methods was to use my Gevalia machine as a pour-over.  I'd boil water in the electric kettle, then either pour it over, or fill the filter and add coffee and let it sit for a minute to steep, and then stick the cup in beneath and let it drain. 

Sticking the cup in pushes on the same level to open the basket as the carafe does, so it worked great for blooming etc. 

Anyway, I'd microwave some milk in a cup, use my little IKEA frother ($3) and fluff the milk, then add the coffee to it.  Done. 

Then a friend had the LatteGo 3200 at his house and I was intrigued.  He made me a cup and it was good AND stupid simple to clean. 

I ended up buying one not long after. I could always return it if it wasn‚Äôt as good as it appeared.

&amp;nbsp;

It‚Äôs really easy to unpack, the machine was in a bag with handles, to make it easy to get out of the box. Thank you, Philips! Peel off some protective tape, wash the water and milk compartments, soak the water filter and connect everything and plug it in.

The first few cups of coffee were disappointing, but reading a few reviews indicated that the machine adjusts and ‚Äúbreaks in‚Äù after which it will produce a consistent and good coffee. This seems to be correct. The coffee pucks came out drier and more solid after about 10 cups. The coffee tasted richer and better than with our usual pour-over method.

The 3200 is the one with the milk container. There are other ‚Äúlesser‚Äù models using a steam wand instead. My understanding from comparing features and parts is that this is a Gaggia Anima Class or Saeco PicoBaristo in a more convenient packaging.

EDIT:  I forgot to add, this thing only adds beans from a non-hinged lid on top, so you don't need a whole lot of space above it to add beans.   Everything else comes out the front or right side.  Also, very little steam comes out of the pre-ground coffee slot, so no worry about warping a too-close cabinet above it.

&amp;nbsp;

**Even regular coffee comes out tasting great** (compared to my usual heathen-made coffee). I can only assume it‚Äôs related to the 15 bar / 218 psi scalding hot water it pushes through the beans.

**The milk frother is extremely simple to use**. Fill with desired amount of milk (real milk, almond, oat or whatever variety, it seems to froth them all very well), simply hang it on the protruding steam spigot, and make your coffee.
Besides the pointless lid, it‚Äôs two parts, and they rinse/wash easily, and they‚Äôre dishwasher safe too.


**Cleanup is simple**. The drip tray slides out along with the cup for the used pucks. Both the tray and cup are dishwasher safe. A quick rinse when you empty it during the week, and run them in the dishwasher every weekend and they are good as new.  The group also rinses easily under the tap. 

&amp;nbsp;

#####A few annoyances:

&amp;nbsp;

**It uses a lot of water**. There‚Äôs the rinse when you start it up. Then the steam for the milk froth, the water for the coffee itself, plus the waste water in the tray. Then when it shuts off, it does a quick flush too.
The flushes and wasted water up to about a cup of water that doesn‚Äôt make coffee.

**The milk container leaves a little milk in the bottom even when it‚Äôs empty**. What I‚Äôd like to see here is a tapered ‚Äòfloor‚Äô so every drop of milk is funneled down to the siphon hole.


**Another milk container issue is the lid**. I don‚Äôt really see a need for it. It‚Äôs not hinged or tethered to the container or the bracket the container snaps into. Since you fill with milk, make coffee and then remove it to wash it, the lid really serves no purpose.
I think even if it were hinged and attached, it would probably be in the way more than anything.

**The indicator lines**, both on the milk container and to a degree the water container, are too hard to see. I‚Äôve attached small strips of tape to make easy-to-see fill marks.
It‚Äôs not as vital on the water container as you fill it to ‚Äúfull enough, but not so much that you spill‚Äù and that‚Äôs fine.


**The drip tray gets a lot of water in it**, even if you, like me, put a little cup to catch the pre- and post-coffee flushes. The indicator for that is a little float that rises up and alerts you, but by the time it floats up the tray is full enough to make it a very careful walk to the sink to avoid spilling.

**Travel mugs** ‚Äì it‚Äôs not quite tall enough to accommodate them, which I think is strange in this day and age. My favorite mug fits under with a slight tilt, but otherwise I‚Äôd have to just make one or two cups of coffee and pour it into the travel mug.


#####A few things I learned. 

**DO NOT put pre-ground coffee in before you‚Äôve turned on the machine**! The flush cycle rinses the brew group (where the grounds land) and you waste that coffee.

**Foam milk without coffee**: Select Latte Macchiato, then hold the Coffee Strength button for 3 seconds to select pre-ground coffee so you don‚Äôt grind any beans, then start the machine. Once you have your froth/foam, press the STOP button to stop the brew cycle.

**If your travel mug is too tall to fit**, make one or two coffees (or a latte macchiato and a coffee) in a regular cup and pour it into the travel cup.",1610591775
Coffee,lvndr___,kwvuim,Expanding horizons with new roasters,"Howdy all! I'm looking to check out some new roasters after making my rounds on most of the noteworthy domestics, and thought I'd start a thread for folks to share their favourite domestic (to you!) roasters.  Figure it may be a good way to share some new and distilled results for folks to more easily find some new roasters they may not have heard of. 


I'm in Canada and my favs are Harken Coffee and Prototype, both producing some of-if not the best brews I've ever had as well as curating an excellent experience in house. 

Harken has a few staples as well as a few rotating special selections, all of which have been exceptionally delicious. 

Prototype is on a whole other level with their selection, I have yet to be disappointed with anything they've touched. Beans seem to have a higher tolerance for the hotter brews for all of you that brew right off boil! 

Both of these roasters in my opinion do a fantastic job sourcing and roasting to a very high standard, definitely amongst Canada's top for me. 

Looking forward to trying some of your recommendations!",1610590064
Coffee,sikllex,kwv65i,Finaly seted up my coffee corner,,1610587786
Coffee,therohanweb,kwv4kh,Where Do I Start?,[removed],1610587624
Coffee,RapunzelMeetsElsa,kwuzvk,Newbie looking for some guidance.,[removed],1610587183
Coffee,coffeejn,kwutms,"Freshly roastered today, smells of molasses cookies with a hint of cinnamon. Really looking forward to how it tastes to.orrow morning",,1610586570
Coffee,Old_Combination_4935,kwummo,Speciality Coffee buyers in the US,I grew up in a¬† small scale coffee farming village in Kenya. My families coffee farm is second generation and i am trying to see whether i can add value to small scale farmers efforts that have gone unrewarded for years. I recently acquired licenses to export coffee to the US and i am trying to connect with people in the¬† coffee business to market my specialty coffee. How do i go about acquiring buyers and how should i price class 4 coffee (88 score),1610585950
Coffee,Robdiesel_dot_com,kwulk8,I love my Philips LatteGo 3200 (the one with the milk frother container),"This is basically a cut &amp; paste from what I put up for a friend to read over here;
https://www.robdiesel.com/wordpress/2021/01/review-philips-lattego-3200-espresso-machine/

&amp;nbsp;

To begin with, I am NOT a coffee guy in any way.  I've tried stuff like the AeroPress my stepdad gave me - cool, but no need.  Regular Gevalia free 14 cup machine? Great, does what I need it to do.  French Press? Meh.  Pour-over?  I like it. 

What I ended up settling on after trying a few machines and methods was to use my Gevalia machine as a pour-over.  I'd boil water in the electric kettle, then either pour it over, or fill the filter and add coffee and let it sit for a minute to steep, and then stick the cup in beneath and let it drain. 

Sticking the cup in pushes on the same level to open the basket as the carafe does, so it worked great for blooming etc. 

Anyway, I'd microwave some milk in a cup, use my little IKEA frother ($3) and fluff the milk, then add the coffee to it.  Done. 

Then a friend had the LatteGo 3200 at his house and I was intrigued.  He made me a cup and it was good AND stupid simple to clean. 

I ended up buying one not long after. I could always return it if it wasn‚Äôt as good as it appeared.

&amp;nbsp;

It‚Äôs really easy to unpack, the machine was in a bag with handles, to make it easy to get out of the box. Thank you, Philips! Peel off some protective tape, wash the water and milk compartments, soak the water filter and connect everything and plug it in.

The first few cups of coffee were disappointing, but reading a few reviews indicated that the machine adjusts and ‚Äúbreaks in‚Äù after which it will produce a consistent and good coffee. This seems to be correct. The coffee pucks came out drier and more solid after about 10 cups. The coffee tasted richer and better than with our usual pour-over method.

The 3200 is the one with the milk container. There are other ‚Äúlesser‚Äù models using a steam wand instead. My understanding from comparing features and parts is that this is a Gaggia Anima Class or Saeco PicoBaristo in a more convenient packaging.

EDIT:  I forgot to add, this thing only adds beans from a non-hinged lid on top, so you don't need a whole lot of space above it to add beans.   Everything else comes out the front or right side.  Also, very little steam comes out of the pre-ground coffee slot, so no worry about warping a too-close cabinet above it.

&amp;nbsp;

Even regular coffee comes out tasting great (compared to my usual heathen-made coffee). I can only assume it‚Äôs related to the 15 bar / 218 psi scalding hot water it pushes through the beans.

The milk frother is extremely simple to use. Fill with desired amount of milk (real milk, almond, oat or whatever variety, it seems to froth them all very well), simply hang it on the protruding steam spigot, and make your coffee.
Besides the pointless lid, it‚Äôs two parts, and they rinse/wash easily, and they‚Äôre dishwasher safe too.


Cleanup is simple. The drip tray slides out along with the cup for the used pucks. Both the tray and cup are dishwasher safe. A quick rinse when you empty it during the week, and run them in the dishwasher every weekend and they are good as new.

&amp;nbsp;

#####A few annoyances:

&amp;nbsp;

It uses a lot of water. There‚Äôs the rinse when you start it up. Then the steam for the milk froth, the water for the coffee itself, plus the waste water in the tray. Then when it shuts off, it does a quick flush too.
The flushes and wasted water up to about a cup of water that doesn‚Äôt make coffee.

The milk container leaves a little milk in the bottom even when it‚Äôs empty. What I‚Äôd like to see here is a tapered ‚Äòfloor‚Äô so every drop of milk is funneled down to the siphon hole.


Another milk container issue is the lid. I don‚Äôt really see a need for it. It‚Äôs not hinged or tethered to the container or the bracket the container snaps into. Since you fill with milk, make coffee and then remove it to wash it, the lid really serves no purpose.
I think even if it were hinged and attached, it would probably be in the way more than anything.

The indicator lines, both on the milk container and to a degree the water container, are too hard to see. I‚Äôve attached small strips of tape to make easy-to-see fill marks.
It‚Äôs not as vital on the water container as you fill it to ‚Äúfull enough, but not so much that you spill‚Äù and that‚Äôs fine.


The drip tray gets a lot of water in it, even if you, like me, put a little cup to catch the pre- and post-coffee flushes. The indicator for that is a little float that rises up and alerts you, but by the time it floats up the tray is full enough to make it a very careful walk to the sink to avoid spilling.

Travel mugs ‚Äì it‚Äôs not quite tall enough to accommodate them, which I think is strange in this day and age. My favorite mug fits under with a slight tilt, but otherwise I‚Äôd have to just make one or two cups of coffee and pour it into the travel mug.


#####A few things I learned. 

DO NOT put pre-ground coffee in before you‚Äôve turned on the machine! The flush cycle rinses the brew group (where the grounds land) and you waste that coffee.

Foam milk without coffee: Select Latte Macchiato, then hold the Coffee Strength button for 3 seconds to select pre-ground coffee so you don‚Äôt grind any beans, then start the machine. Once you have your froth/foam, press the STOP button to stop the brew cycle.

If your travel mug is too tall to fit, make one or two coffees (or a latte macchiato and a coffee) in a regular cup and pour it into the travel cup.",1610585847
Coffee,Alt_4_Art,kwu3g9,"Just got this vintage 1970 Chemex, it even with the original manual and a filter!",,1610584182
Coffee,aiherrera97,kwu04n,Fellow Stagg issues ?,"Hey! So I just got my Stagg kettle and I read through the instructions but I‚Äôm noticing and things going on with mine that I haven‚Äôt heard in review videos or blogs. 

1) when I set the temperature to 203 degrees it doesn‚Äôt ever stay on 203. It bounces from 205 down to 202. Yes I understand it should do this when like settling on 203 but I‚Äôve turned it on, set it, and have walked away to see if it will land on 203 and stay there after some time. It does not. It just keeps bouncing between temperatures. 

2) besides the bouncing and not setting on the temperature I desire, it‚Äôll go way past. So I have a picture of setting it to 117 and instead of stopping (or bouncing around it) it keeps going to like 127! 

3) this isn‚Äôt as important but it‚Äôs driving me insane. I have been playing the wormy game and have noticed that I‚Äôll click over to move right or left and the knob clicks but the worm doesn‚Äôt move. It‚Äôll be four or five clicks in and the worm doesn‚Äôt move. I know this sounds really stupid but I don‚Äôt understand how people are getting their ridiculous times when half the time my knob isn‚Äôt registering when I click it over. 

It‚Äôs hard for me to believe that any of this is normal for one of the most expensive and favored kettle on the market. Is it normal? Am I insane for expecting this kettle to sit on a temperature that I adjusted it to?",1610583874
Coffee,FreeDaCarLow,kwszqm,help,[removed],1610580825
Coffee,mindkilla123,kwrv6z,Cleaning your Zojirushi with Cafiza,,1610577553
Coffee,llMude13ll,kwqpkj,I need some advice on a cheap hand grinder.,[removed],1610574214
Coffee,Freshcoffeebeanss,kwqnz4,He just followed me on my Instagram account at freshcoffeebeanss. I am so excited and can't Express it out in words. Thank you,,1610574096
Coffee,Nyxlunae,kwqjc4,Any information or review on Normcore manual grinder 35g?,[removed],1610573729
Coffee,sqwelly58,kwppx9,Lavazza coffee pods,Does anyone know if you can use cheaper pods ? If yes which are the best?,1610571433
Coffee,poolhalljunky7,kwp6do,Water not coming through the filter (delonghi dedica),"I recently bought a Delonghi Dedica.

It worked fine for a couple of weeks, and I always use the double container inside the puck.

However, since yesterday the coffee is not coming though. Is this a common issue with the filter or the container ?

Its not the puck as if I replace the double container with the single shot container is works fine.

Anyone has a similar issue with this ?

Have a nice day",1610569885
Coffee,Andrew12Dance,kwovjz,There is a particular roasted property I can‚Äôt understand...,"I‚Äôm probably not nearly as hard core as many on this sub, so could really use your knowledge/help in figuring this out!!

Last year in NYC, my girlfriend (longtime coffee drinker/aficionado) and I would frequently go to a neighborhood Italian restaurant, where their coffee was unlike anything we‚Äôd ever had. It had this nutty roastedness/sweetness that was completely unique. The thing is, it was a pretty standard Lavazza. What‚Äôs more, it was highly inconsistent each time we went, until our regular server realized that it was only when the coffee was at the very bottom of the pot that it had this unique property (we would actually call in before coming, so important to us it became and so good was it!)

Anyway, we bought the same exact Lavazza for our home and nothing, no reproduction of that flavor. Other attempts to get that taste (Illy at Italian places, various espressos, general coffee drinking since, etc.) have yielded nothing. We got a Nespresso and while we‚Äôve been enjoying it, absolutely no blend/variety has this.

So we chalked it up to a fluke, some quirk of chemistry that would be achieved again... who knows when?

But then this happened, and it blew our mind: on a short vacation we needed some quick, easy coffee and picked this up at a local grocery store:

https://www.target.com/p/starbucks-subtly-sweet-medium-roast-coffee-48-fl-oz/-/A-78295046

Mind you, neither of us like Starbucks all that much but again, it was a quick purchase and we figured it would be fine.

OH MY GOD. It was perfect, and it recreated the same experience as that Italian restaurant. *Something* about this particular product gives it that exact same roast flavor. We are enamored with it now. The thing is though, again, we don‚Äôt even like Starbucks traditionally and I can certainly attest that nothing we‚Äôve ever drunk there even comes close to this.

So what do you all think? (Maybe even one of you would be willing to go try this (?)) We would love to determine what this property is so that we can obtain it more regularly, possibly even intensify it/find even better examples out there. It‚Äôs basically like we just discovered some spice and now want to know which cuisines use it in spades! :)

Thanks so much!!",1610569027
Coffee,[deleted],kwnkj5,The happiest Americano.,[deleted],1610565313
Coffee,idlekid313,kwnihy,Bodum pour over question,[removed],1610565155
Coffee,28wuad,kwngqx,my review on KaffeBox Coffee Subscription,[removed],1610565020
Coffee,projectilebirb,kwnf1s,"I'm just looking for cheap, bulk decent beans. Are the 365 WholeFoods beans worth it? Been eyeing their Island and City blends for a bit.",[removed],1610564889
Coffee,HunterGehrman,kwn6wc,"Share your ""perfect cup"" moment?","What's up reddit! I picked up brewing coffee about 7 months ago as a fun way to pass the time during lockdown. Sometimes you make a cup of coffee that is so perfect that you can't stop thinking about how good it is. What's that moment for you? I'll share mine!:

Over the months I've picked up a lot of new gear, beans, and skills that really helped me improve the quality of my brew. I'm a teacher, so at this point my bloodstream is probably 80% coffee. I actually got sick with COVID a few weeks ago and completely lost my sense of smell. It was absolutely miserable and coffee became completely flat and bitter. I couldn't get any complex notes of flavor, aroma, or anything. It was horrible. My sense of smell has gradually come back and I think I'm finally back this morning. I made my cup like I always do. #17 on my Barraza grinder, using my V60. I just bought myself a new kettle that allows me to get the perfect temperature on my water. I tried to be really deliberate with the pour and count out the time as well. When I finished brewing and took a sip, I was completely blown away by the flavor and aroma of the coffee I had just made. I always thought those tasting notes were a bit of bullshit, but this time  I really tasted the dark chocolate and cherry notes. It's something I've been thinking about since this morning. I don't know when I'll be able to create another cup that good, but I hope to try again later and see if I can come close.

So r/Coffee? What's your ""perfect cup"" moment?",1610564269
Coffee,PlanetarioASTRA,kwm8hx,HOW TO SWEETEN COFFEE WITH NO SUGAR OR STEVIA?,"I just don't like the bitterness at the end of every sip of Stevia and I'm cutting sugars in my diet. 

What would you recommend?",1610561579
Coffee,Barisaxgod,kwlo5u,Some little bits of coffee advice that I haven't seen discussed much.,"Over time, I've picked up some little tidbits of knowledge through experimentation, and some of them don't seem to be discussed much. Here are a few little tips that some people light find useful.

* A lens blower is a fantastic tool for cleaning your grinder. It's the best way to clean out a grounds chute or burr chamber, but a toothbrush is still better for the burrs themselves.
* The first sip of a well-mixed espresso will have the worst taste but the best texture. This is due to crema. Crema tastes more bitter and less sweet than the rest of the espresso (crema-lovers need not reply), but it also has great texture (because foam), and if the strength of your espresso is homogenous because you stirred it, that will give the perception of more texture and more bitterness in the first sip of an espresso. For this reason, I would recommend skimming the crema off of your espressos when you are dialing in, when you typically only take one sip of an espresso.
* Never buy natural processed coffees from wet or cool regions (i.e. Guatemala, Sumatra). A lot of sun and heat is needed for a successful natural process (which is why it's relatively popular in parts of Africa), and naturals from cool or wet regions tend to stray on the side of barnyard as opposed to fruity and jammy. I can't fathom why roasters still sometimes sell naturals from cool/wet regions. I'm sure there are some good ones, but I haven't come across one yet. Locations of these wet/cool regions can be weird too, because while Guatemala is usually cool and wet, neighboring El Salvador is far hotter and drier on average, and produces some very good naturals.
* In filter coffee, I often find it easier to diagnose underextraction by looking for a lack of sweetness and texture than by looking for tons of sourness. I'll occasionally recalibrate my reference for underextraction by brewing a v60 with way too coarse of a grind size, and more often than not, the lack of sweetness and texture is more obvious than an increase of acidity. There is an increase in perceived acidity in underextracted coffee compared to well-extracted coffee, but it's not so obvious as to be the first thing I look for.

I hope at least a few people find this helpful, thanks for reading to the end, and have an excellent day.",1610560019
Coffee,DeBray3,kwlnfv,"Looking for unique, tasty recipes. Willing to try anything",[removed],1610559969
Coffee,puith,kwlmcl,Fixing the Bodum pour over carafe,[removed],1610559900
Coffee,j_b_cook,kwl31h,La San Marco - is this a bargain?,,1610558491
Coffee,Vicosku,kwki42,Roast Level Perspective from 1975 Book,"I found an old book titled, ""[The Book of Coffee &amp; Tea](https://imgur.com/JPIbhU5)"" written in 1975. Within, the American preference for lighter-roasted coffees is described. I find it interesting to read the perspective of a time before Starbucks swept the nation, nearly 50 years ago. I thought you might as well. Specifically, this line makes me grin:

""A thick syrupy decoction of dark-roasted beans is the choice, nay, the passion of coffee lovers throughout Europe and Latin America. We Americans should treat ourselves more often to the pleasures offered by this vigorous brew.""

Here are links to photos of the pages, and the transcribed text:

[The Variety of Roasts](https://imgur.com/hsEfhPB)

The roasting of coffee turns the beans brown; the longer they're roasted, the darker they get. Coffee roasted too light won't have much of a coffee taste at all. Coffee can also be roasted so dark that it tastes burnt. Between these two extremes are a variety of roasts all tasting like coffee, each appealing to particular tastes.

Simply put, the darker coffee is roasted, the darker it tastes. Is any one roast the optimum? No, just as it would be silly to say that steak should only be broiled ""medium."" Is dark-roasted coffee stronger? No. It is common to credit dark-roasted coffee with producing a very, very strong beverage, but this is not accurate. It would be best to say that dark-roasted coffee has a characteristic ""dark-roasted"" taste, even if that may seem to be begging the question. The strength of coffee is directly dependent on the amount of soluble solids in the brew, that is, the solution of coffee in water. If coffee is ""strong"" it should be because more coffee is used, resulting in a stronger solution, not because of the roast itself. Espresso is in fact usually brewed with twice the amount of coffee normally recommended.

Not only does coffee get darker in color the longer it is roasted, but it also loses more weight and swells more in size. Oils held within the beans of a lighter roast are driven to the surface in a dark roast. Dark-roasted beans appear shiny. They have very slightly less caffeine and are somewhat less acidic than light-roasted beans. They are slightly more susceptible to becoming stale because surface waxes that remain intact on light-roasted beans are destroyed by more prolonged heating. The characteristic dark roasted flavor tends to overshadow the more subtle flavors produced by lighter roasting. Some of the more delicate flavor oils and aromatics are in fact destroyed by dark roasting. What dark-roasted coffee may lack in subtlety, it more than makes up for in force. A thick syrupy decoction of dark-roasted beans is the choice, nay, the passion of coffee lovers throughout Europe and Latin America. We Americans should treat ourselves more often to the pleasures offered by this vigorous brew.

[Detailed Roast Levels](https://imgur.com/CMFrZsX)

Light city roast: In sections of the West, this is the standard. The bean is not fully developed, the color more cinnamon-like than brown, the flavor thin.

City roast: The most widely used style in this country. Also called brown roast or American roast, it is the preference of most consumers here. This roast yields a beverage that may lack brilliance and come up on the flat side.

Full city roast: Favored by some regional roasters in cosmopolitan centers, particularly New York City. Slightly longer roasted, the bean is dark brown, shows no oil on the surface, and gives a deeper heartier cup. The American roasts of specialty shops are likely to be full city rather than city.

Brazilian: Don't confuse this with the name given to coffee grown in Brazil. Just darker than full city, this roast has the faintest hint of dark roast flavor. A trace of oil shows on the bean.

Viennese roast: There seems to be the least consensus on what this roast is, probably because there are many variations, even in Vienna. It falls midway between full city and French roasts. Mix half and half of these two roasts.

French roast (New Orleans roast): With this roast oiliness is quite apparent on the bean's surface and the color is burnt umber, the color of semi sweet chocolate. The flavor is remarkably different from any of the lighter roasts. It approaches Espresso flavor but remains smooth. It is French roasted coffee to which chicory is added for Louisiana style coffee. Two commercially prepared examples of this coffee/chicory mixture are Luzianne and French Market.

Spanish/Cuban/French-Italian roast: Darker than French but not quite Italian, this coffee is great for those who want Espresso without the bite. Mix French and Italian roasts, if this happy medium is not available, and you'll get very close to the flavor. Commercially prepared versions of this roast are Bustelo and El Pico. Some A&amp;P stores have coffee in this roast in the bean.

Italian/ Espresso roast: This roast is the highest, heaviest, darkest. Almost to carbonization. The bean surface is shiny and oily, the color black, the flavor Italian. Medaglia D'Oro is a commercially prepared example of this roast.

[Copyright with Date](https://imgur.com/SS2rsRw)",1610556919
Coffee,sentientrip,kwkcqj,"Been manual brewing since last October, some tips","It took me a while to dial in my tastes (I brew exclusively with V60 and Aeropress, 1-2 cups) and there are a few things which really helped me along the way. At first, the coffee was just not coming out very good at all (bitter, intense, severe) and it took me a lot of trial and error to get to a consistent point.

\- Invest in a temperature controlled kettle. This helps you keep another variable constant as you dial in your taste. Obviously you should already have a nice burr grinder which is the first biggest investment. I pretty much stick with 96C for all my light roasts.

\- Google image search coffee grind size. This one had the largest impact on taste for me. I thought I was grinding medium-fine but it was closer to fine, and in the end I actually moved to more of a medium grind for both my V60 and Aeropress. It also depends on the coffee bean, strangely enough. For one light roast I was sitting at 22 on the Baratza Encore, but for a different light roast that was coming out harsh and i moved towards 24 (this confused me because I saw a lot of other people using around 15-16 grind setting, but when i compared my grind size to images online i found it was much too fine on my machine. So not all sizes are universal, i guess. It took me a LONG time to figure this out, because going from 15-16 to 18 wasn't giving me much of a difference). 

\- If you are buying your beans at a local coffee shop, ask them to do a pour over for you of the coffee you are buying. This helped me a lot because i was able to compare and constrast with how i was brewing. I actually prefer my brew method now compared to how they brewed because i like to brew a smoother cup, but i have a jumping off point for how it should taste.

\- Stick to the same recipe so you again are keeping variables as constant as possible, and just messing with one at a time.

\- Brew small batches (15g, etc) and more times in a day so you can play around with the recipe, and then move towards a larger brew once you dial it in. Some days i would do 3-4 brews lol, its fun!

&amp;#x200B;

Now i get the subtle hints in the taste once i dialed it in, for example i am doing this El Salvador brew right now which has hints of honey in it, very nice! I shared some of my coffee with neighbor and family and they said i ruined their coffee for them, they tasted no bitterness, said it was the smoothest cup they have had and now having trouble going back to their bitter coffee! Lol.  Just thought I would share",1610556480
Coffee,morencychad,kwk9nc,Why is my coffee consistently not as good as McDonalds'?,"I am really frustrated by this fact.  I use a Chemex most of the time, with a variety of grind sizes (electric burr grinder).  My coffee is kind of generic Costco whole bean decaf.  Inevitably, my coffee is a bit weak and sour, no matter how fine I go (within reason).  It is better if I use my Aeropress, but the quantity is too small.

I use the B-H water recipe, because I have *very* soft water.

What does McDonald's do that I don't to give it that really full, rich taste?  this feels really ridiculous to me because McD's coffee used to be really terrible quite a few years back.",1610556229
Coffee,Thor250,kwk3xm,Peak water filter,"Hey everyone, 
Trying to figure out wether the peak water filter is worth it. The water where I live is quite hard, around tds of 450. Does anyone know how much the peak water actually brings it down? Anyone who has some
Numbers on it or just experiences with it ?",1610555783
Coffee,Falkoozo,kwjy96,Looking for a good roaster in Toronto,"Hey everyone, for the last year or so I have been getting a majority of my beans for various brew methods from pilot coffee roasters in Toronto and have been quite happy with what I have been getting. I am now thinking it is time to mix it up and give some new roasters a try. Looking for any reccomendations of roasters who deliver to Toronto and who offer a good selection of beans to try out. Ideally a roaster that has beans with different processing methods as well. Let me know who your favorites are",1610555331
Coffee,jjjswalker,kwjy2s,Help me! Espresso newbie,"So here is my set up:
Breville Barista Express
Acaia Pearl Scale
Standard tamper (distributor on order) 

I've tried an assortment from:

Sagada Dark Roast Philippine Coffee Company
Columbian from Coffee Exchange Providence 
Papua New Guinea Sturbridge Coffee Roasters

I started by watching some YouTube videos primarily this one: https://www.youtube.com/watch?v=d0g8umpINGQ&amp;feature=youtu.be

So here how I understand it is 18g dose, 2:1 extraction with a final espresso yield of 36g over 25-30secs. 

First problem: I started on a grind setting of 6 following exactly what the video does it. What I've realized is especially with the Sagada Dark roast 18g does not even some close to fitting in the portafilter, the Columbian it's way below. How worried should I be about dose vs the spacing? I'm using the standard tamper which I know isn't consistent but it just doesn't seem right. 


The biggest problem: I set it to program and time out how long it takes to get to 36g. On a grind setting of 6 no matter what it always seems to be around 8-12secs. Even on the finest of settings no matter the coffee, no matter how much I tamper it, no matter how much I change I am NO WHERE clue to 25-30secs. The pressure gauge is in the ""espresso range,"" the dose is around 18g, the crema looks good, but the time is literally off by over half. 

Someone help a noob. Thanks.",1610555315
Coffee,maestrel,kwjf82,How do you dilute cold brew?,[removed],1610553865
Coffee,Starky04,kwixmu,Help with slow V60 brew time (&gt;5:00 for 250ml),"I've been using [James Hoffmann's Ultimate V60 Technique](https://www.youtube.com/watch?v=AI4ynXzkSQo&amp;ab_channel=JamesHoffmann) to brew coffee. I've been practicing a few times a day for a couple of months now so I'm confident that I'm following the steps properly. The comments in the video suggest that the 500ml of water he uses should result in around a 3:30 total brew time. Then at lower volumes the time should redcue, e.g. 2:30 for 250ml.

Here is all of the information related to my brew:

V60: Plastic Hario V60 02

Filter: Bleached Hario V60 02 (made in Austria)

Coffee: 15g

Water: 250ml

I'm consistently seeing brew times over 5:00 when I feel like I should be aiming for something between 2:30 and 3:00.

I get a bag of freshly roasted coffee delivered to me each week which is pre-ground for filter. This is far from ideal but my current living situation doesn't allow for an electric grinder. I have a [Hario Skerton hand grinder](https://www.hario.co.uk/products/skerton-hand-coffee-grinder) that I could use for some tests at the weekend if people could reccommend the number of notches to set it to for V60. Maybe the grind I'm being sent is too fine? I just don't have time to hand-grind beans every morning before work.

I'm also aware that the filter papers made outside of Japan are slower so I could try and get my hands on a faster paper next time I run out.

Would I get better results with the 01 size V60 when I am just brewing 250ml for myself or should this not really make a difference?",1610552505
Coffee,CaffineResearcher,kwiw0g,I Need Coffee Research Help,"So, I‚Äôm doing coffee research as a high school student. My goal is to show people all around the world the fascinating drink we all came to love. 
I‚Äôm measuring 
-Brix
-TDS
-Wavelength, UV
-Caffeine Concentration, mg/L

Is there anything else I should measure coffee? Considering I can‚Äôt taste it lol(against guidelines)",1610552387
Coffee,4hilodendr0n,kwiurt,Is there an easier product for making aeropress style ‚Äòespresso‚Äô?,"I got the aeropress for making ‚Äòespresso‚Äô (concentrated coffee, or whatever you guys on this sub call it). I have an iced latte addiction and I can‚Äôt really tell the difference between the real stuff vs. what the aeropress makes. Anyway, I was wondering if there was product that wasn‚Äôt as labor intensive as the aeropress that would make similar quality fauxspresso. It takes 3 or 4 brewings in the aeropress to get a decent amount of coffee and I end up spending 20 minutes on it in the morning. Is there a product that isn‚Äôt as labor intensive that would give me similar quality for iced latte drinks? Thanks.",1610552274
Coffee,motoridersd,kwispg,Mocccamaster and Breville Smart Grinder Pro - Looking for pointers,"Hello! I've spent some time on this sub trying to improve my at home brewing over the past year. One of the best changes I made thanks to reading was using proper mineralized water over our very heavy tap water (San Diego). 

Our morning pots have improved a lot since then. Also moved to better local beans (Dark Horse Coffee). We like medium to light roasts, we drink it black and enjoy finding the notes of the beans. 

Equipment:

* Moccamaster with Manual Basket
* Breville Smart Grinder Pro. Usually use the lowest end of the Drip setting, but lately have been trying going coarser
* Third Water water
* 0.01 gram precision scale
* Melitta #4 white filters
* Ratio is 1000 ml water (not usually weighed though, using brewer tank markings) and 62g coffee

Lately I've been feeling like our coffee hasn't been the best it can be. I've played around with grind sizes and Moccamaster techniques, and I feel like lately nothing I do seems to get me to the sweet spot. Especially when comparing my version of the brew to a drip coffee of the same beans from the local shop.

The Moccamaster technique I use is rinsing the paper filter with 200 ml water, adding grounds and locking basket, stirring grounds and opening basket full way. Stirring halfway through (at about 500 ml), then tapping basket once water tank is empty. I've tried letting the grounds bloom by turning off the coffee maker, but I haven't been very consistent with this.

I've been using a spreadsheet to track grind size setting, water and coffee amount, and notes about the brewing technique as well as rating each brew. 

So, I think at this point my issue is the Breville grinder. When I first got it, I read a lot of people saying it wasn't the best for drip, as it was better suited for espresso. Back then I liked the idea of having a hopper to hold the beans and a programmable timer to determine how much coffee to use. I no longer use either of those features so it has become a decoration that is used in a very manual way.

I've tried using the Coffee Compass to dial in the brews, but I must admit I am not very good at determining exactly where I am, if it's under or over extracted. I just know it's not as good. Sometimes it's too bitter, sometimes it's a bit ""vegetal"" (I think).

One thing I've noticed with the beans I get, is that there are a lot of lighter colored grinds, that look like shavings, at the top of the ground beans. Are these the fines that I read about? Are these bad/unwanted and an indicator of an issue with the grinder or its configuration? Will these produce unwanted flavor profiles?

One metric I am not very clear on is, how much time should 1000 ml of water take to brew on the Moccamaster. I see between 4 to 6 minutes. I start counting as soon as the water hits the grounds, but do I turn off the basket when the flow becomes a drip? How long do I wait before shutting off the basket and stopping the counter.

This morning I went coarser than usual, and counted about 5 minutes from water hitting the grounds to all the water in the basket being below the grounds and the flow becoming a drip. Used La Colombe Mexico Sierra Sur (sometimes we buy these if we're in UTC) and even though I got one of the notes when smelling it (rose), the coffee tastes a bit salty/sour/vegetal (I think). So that would tell me I went too coarse on the grounds. Yesterday, with a finer grind than today, it was a bit bitter

Anyway, any tips would be highly appreciated as I must be missing something.",1610552110
Coffee,raindog,kwilvc,Grind time too long - espresso with an Encore,"I have a new Breville Bambino and I'm using my Encore grinder set at 10-12. And I'm okay with the results. I know both machines are entry-ish, but they're suiting me just fine for now. My only complaint is the amount of time it takes to grind 18g of beans in the Encore. Sometimes 2 minutes - or longer. There is always a lot of popcorning of beans at the end. Is this a normal time? When I'm grinding for a pour over, at around 18, it takes a much shorter amount of time. And I understand that's due to grind size. But... 2 minutes seems extreme. Or is it? 

I assume higher-end grinders will do this job faster. But what's a step up from here - one for both pour overs and espresso grinds, that will accomplish its tasks more quickly?",1610551563
Coffee,capricornintrovert,kwibka,Coffee Palate Question,"It's so interesting to me when people can taste coffee (or wine) and be able to detect different flavor notes in it but, to me, it just tastes like, well, coffee. 

So, to those with a more refined palate, did that come naturally to you? Did you refine it over time? Is there anything you recommend I do? I just feel like I'm missing out on so much.",1610550741
Coffee,octan2,kwi6vp,Alternative grider to Wilfa Uniform?,"Hi All,

I am currently in a situation where I am looking to upgrade my coffee grinder for drip coffee only. My initial plan was to get a Wilfa Uniform, as it is right in my budget. But, it turns out getting one to the US is currently a but more difficult and expensive than I thought it would be.

I know that the Fellow Ode is right in the same price range, but I have heard very mixed reviews that make me think that it may not be worth the money. I also check r/coffeeswap pretty consistently, but haven't seen any electric brew grinders posted recently.

I currently have a Kinu Simplicity with the espresso burrs, and an Encore with the upgraded M2 Burrs. Do you think that I should just keep what I have and wait until I have a bit larger of a budget to really upgrade?

I look forward to any advice that y'all may have!",1610550337
Coffee,tommyshlug69,kwh687,Looking for a tool to blow out your grinder? Look no further.,,1610547180
Coffee,krachter,kwh5wk,The next level after the Breville/Sage Barista Express?,"I bought my Barista Express a year ago, and I am quite satisfied with the machine.  
As a beginner, it has everything you need to pull a great shot.  
Now, I would like to upgrade and sell my Express in favor of a new setup.  
What are some good setup options?

One thing I would like to have is a better grinder since the grinder levels on the express are sometimes the limiting factor in the dialing process.  
For the grinder, I had the Eureka Mignon Specialita in mind. Although I am not sure about the grinder settings, seems a bit limited, stepless but seems a bit small wheel.  


For the espresso machine I had the Rancilio Silvia in mind.   
One thing I would like to have is a large portafilter so the Rancilio Silvia   


Any other suggestions?",1610547149
Coffee,DennyG1998,kwgi07,How to replicate McDonald's espresso?,"Hey so I bought an espresso machine for the specific purpose of curbing my $4/cup McDonald's caramel macchiato addiction but so far most of my espresso comes out tasting like coffee flavored tap water. I've yet to find any useful information for replicating the specific bold flavor so I thought I should ask here. Any tips?  


I have a DeLonghi EC155M and use regular Starbucks dark espresso beans, though I've tried different beans I haven't had any luck.",1610544823
Coffee,CriticalZach,kwghpo,I made French press cold brew and my life has changed entirely.,"Last night, I decided on a whim to make some. I pulled out my French press and used double the coffee grounds I normally use, with the same setting on my grinder. I let it steep for 14 hours. When I woke up, and poured out a cup (with a bit of milk and Hershey‚Äôs syrup) I was pleasantly surprised to find it tasted much stronger than normal while also tasting mellower. I didn‚Äôt dilute it, but I don‚Äôt think I need to. I have a decanter filled with the leftover, and I hear it will last a while.",1610544793
Coffee,Kinglens311,kwgcq8,Recommendation Challenge: A Dark Roast to Graduate from Mass Market Coffee,,1610544257
Coffee,ChaoticCaffeination,kwgbm2,An odd question,"Any chance any of you know the rough volume of 20 grams of ground light roast coffee? Unfortunately I don't have any accurate volumetic measures here and can't find it online. I need it for a little project, any help would be appreciated",1610544140
Coffee,deoldsax,kwgaom,does your moka pot experience look similar? is it too fast? too slow? pls let me know!,,1610544040
Coffee,FoundationsMC,kwg9ry,Recommendation Challenge: A Dark Roast to Graduate from Mass Market Coffee,"I've been a dark roast drinker for years and spent the last year trying to get into lighter roasts. Based on recommendations from here I tried everything from Bird Rock Volcan Azul to Wild Gift El Aguila and every profile in between, and simply don't like them. I can't get into even the most flavorful light roast coffee ‚Äî I strong, chocolately, tobacco-ey, dark roasts.

Get ready to cringe: I've had a few specialty brands, but honestly find myself enjoying things like Starbucks' Christmas Blend, Peet's Major Dickenson's, and things like that the most. Strong and bold, no fruit flavors whatsoever.

I want to branch out. Can anyone recommend a coffee that will take me deeper into this style? A search on this sub resulted in a few I may try, such as [Tarrazu French Roast](https://store.georgehowellcoffee.com/coffees/tarrazu-french-roast.html), but I'd love to hear more. Thanks!",1610543943
Coffee,ErraErru,kwg1l9,Let's discuss the AeroPress and bypassing method,"I had my AeroPress for years and let it rest in my shelf for too long. I brew coffee with v60 on daily basis as 15 grams can give me satisfying flavor and amount of coffee which is seems impossible to do with aeropress (ok i'm sorry don't judge me). 

&amp;#x200B;

A lot of winning aeropress uses a lot of coffee to produce one cup and most of them (if not all) uses bypassing method. Can someone tell me a little science behind this method? why would we prefer brewing small and dilute it later rather than brewing 200 grams directly in the Aeropress?  


How should i decide how much water goes to the aeropress and how much water for bypassing?",1610543075
Coffee,Steexe,kwfx2o,V60 problems adjusting for the perfect cup,"So, I‚Äôve had my V60 for around two weeks now. I‚Äôve been using it pretty much daily following James Hoffmann‚Äôs v60 technique. 

The first week or so I managed to brew wonderful coffee. The coffee bed was flat after each brew and the coffee tasted evenly extracted, clear and sweet. Then I wanted to experiment a bit and started messing with water temperatures and grind sizes. The coffee got gradually worse and I struggled to get a flat grounds bed even when I tried. I always ended up with a dome in the middle of the grounds. Yesterday I hit the rock bottom and brewed so over-extracted and astrigent coffee that I couldn‚Äôt drink it. Today I tried to go back to the same water temperature and grind setting I had last time I brewed a great cup - to no avail. The coffee was better than yesterday, yet still bitter or sour.

What troubles me the most, is that I really don‚Äôt know what I‚Äôm doing wrong or differently from what I did at the beginning, when the coffee was still good. I‚Äôm using Wilfa Uniform grinder and the last great cup of coffee was with grind setting 24. Water temperatures I‚Äôve used have all been within 94-97 celsius range for medium roasted coffee. The drawdowns have been 2:50-3:30 minutes. I‚Äôm using 30g of coffee to 500g of water. The coffee itself is good and of great quality.

Any ideas what I could do to get back to brewing great coffee? I‚Äôm really lost atm.",1610542647
Coffee,ColonelHerro,kwf33l,"Has anyone tried date seed ""coffee""?","I've been getting ads for [roasted date seeds as a caffeine free alternative to coffee](https://www.datecoffeeco.com/about). I'm dubious, but intrigued. 

Although I'm not giving up my beans anytime soon, my partner avoids caffeine so I'm considering it for them (and for me when I'm craving a cup later than I should).

Has anyone else come across this or tried it?

And will it destroy my grinder??",1610539321
Coffee,the_commissaire,kwf0xk,[Gear] Grinder recommendations - for multiple grind settings,"Hi everyone.

I am a fan of using lots of different ways of making coffee. Some days cafetiere, some days espresso, some days mokka, pour over... 

Right now I have a hand grinder for espresso &amp; pour over and then just get the place I get my coffee from¬†to grind it for me in a reasonable ""general purpose"" setting for the other methods.

**Does anyone know of a product on the market (new or used) that sort of lets me change the grind setting and quantity on the fly?**

I am not too fussed about whether it has a large hopper or if you have the weight the beans and fill it up for each grind. I am also kind of willing to sacrifice a bit of grind quality for the functionality (after all its just has to be better than using pre-ground). 

I am fairly flexible on budget. But ideally less than ¬£200 (~270usd, ~230eur)... but I am interested to hear whats on the market at a higher price point if its gong to be worth it; if it can be had for even cheaper then I am all ears. 

Thanks!",1610539130
Coffee,Minnie_Moo_Magoo,kweqnz,Help me figure out why my coffee tastes horrible half the time??,"Hi all! So I need help solving this problem. I have a drip coffee maker that makes a nice cup of coffee half the time...and the other half of the time, it tastes HORRIBLE. It's not a bitter or weak flavor. It's not just that it's a bad cup of coffee. It tastes revolting, and I have to pour it right down the drain. Do you have any idea what it could be from?? I really, really don't think I do anything differently when it's good or bad. I've cleaned it, ensured the filter is in the proper place, changed the type of filter, made the starting water colder, added more or less beans...nothing is helping! I can make a pot of coffee that tastes horrible, pour it out, and immediately make another pot that tastes fine. Any ideas?? Thanks in advance!",1610537943
Coffee,PinAgitated,kwefyn,"My last coffee maker was too experimental and filled the carafe with a pressurized nozzle to heat the ground coffee beans. This time I went with the tried and true results, point blank in terms of efficiency and brew taste - Hamilton Beach!",,1610536649
Coffee,Matelko1,kwecmq,How many grams of coffee do you consume per week?,and are you a person who would rather buy a big pack of coffe for a longer time or smaller pack more often?,1610536213
Coffee,menschmaschine5,kwe7sm,[MOD] The Daily Question Thread," 

Welcome to the daily [/r/Coffee](https://www.reddit.com/r/Coffee) question thread!

There are no stupid questions here, ask a question and get an answer! We all have to start somewhere and sometimes it is hard to figure out just what you are doing right or doing wrong. Luckily, the [/r/Coffee](https://www.reddit.com/r/Coffee) community loves to help out.

Do you have a question about how to use a specific piece of gear? Want to know how much coffee you should use or how you should grind it? Not sure about how much water you should use or how hot it should be? Wondering about your coffee's shelf life?

Don't forget to use the resources in our [wiki](http://www.reddit.com/r/Coffee/wiki)! We have some great starter guides on our [wiki ""Guides"" page](https://www.reddit.com/r/Coffee/wiki/guides) and [here is the wiki ""Gear By Price"" page](http://www.reddit.com/r/Coffee/wiki/gear#wiki_coffee_gear_suggestions) if you'd like to see coffee gear that [/r/Coffee](https://www.reddit.com/r/Coffee) members recommend.

As always, be nice!",1610535618
Coffee,Grouse870,kwdvum,New pour over help,"Been thinking about getting deeper into coffee, been doing a lot of cold brew stuff and wanting to try pour over and get away from the standard coffee pot. Looked at all the usual ones (chemex, hario, etc) but I have no idea where to start or which one would be a good starter pour over and paper filters or metal? The only thing I currently don‚Äôt have now is a goose neck kettle I have the grinder and the scale.",1610533998
